date,CL.CDN.MOST.1DL,AVG.INTWO,TB.CDN.30D.MID,TB.CDN.60D.MID,TB.CDN.90D.MID,TB.CDN.180D.MID,TB.CDN.1Y.MID
2009-05-26,0.2452,0.2419,0.14,0.17,0.19,0.31,0.47
2009-05-27,0.2443,0.2365,0.16,0.17,0.2,0.32,0.49
2009-05-28,0.2443,0.2419,0.17,0.17,0.19,0.3,0.5
2009-05-29,0.2476,0.2488,0.17,0.19,0.2,0.32,0.5
2009-06-01,0.2515,0.2577,0.17,0.19,0.2,0.32,0.5
2009-06-02,0.2484,0.254,0.17,0.19,0.2,0.3,0.51
2009-06-03,0.2477,0.2459,0.17,0.18,0.2,0.32,0.5
2009-06-04,0.2449,0.2429,0.17,0.19,0.21,0.32,0.5
2009-06-05,0.2453,0.2392,0.18,0.18,0.22,0.34,0.54
2009-06-08,0.2443,0.2433,0.17,0.18,0.21,0.35,0.56
2009-06-09,0.2451,0.2458,0.16,0.19,0.23,0.37,0.58
2009-06-10,0.2453,0.2488,0.2,0.2,0.23,0.37,0.61
2009-06-11,0.2442,0.2467,0.21,0.21,0.24,0.37,0.6
2009-06-12,0.2477,0.2413,0.2,0.21,0.24,0.38,0.58
2009-06-15,0.2486,0.2466,0.19,0.21,0.23,0.36,0.59
2009-06-16,0.244,0.2357,0.18,0.2,0.23,0.35,0.57
2009-06-17,0.2428,0.23,0.18,0.2,0.23,0.36,0.56
2009-06-18,0.2426,0.2357,0.19,0.21,0.23,0.35,0.58
2009-06-19,0.2413,0.2408,0.2,0.21,0.23,0.35,0.57
2009-06-22,0.2425,0.2372,0.19,0.21,0.24,0.35,0.55
2009-06-23,0.2398,0.2384,0.19,0.21,0.25,0.36,0.57
2009-06-24,0.2396,0.2378,0.17,0.2,0.24,0.36,0.55
2009-06-25,0.2404,0.2395,0.15,0.18,0.24,0.34,0.52
2009-06-26,0.2404,0.2404,0.17,0.18,0.24,0.33,0.5
2009-06-29,0.236,0.2203,0.17,0.18,0.23,0.33,0.5
2009-06-30,0.2483,0.2422,0.18,0.19,0.24,0.31,0.51
2009-07-02,0.2482,0.2504,0.19,0.18,0.22,0.31,0.5
2009-07-03,0.2394,0.2417,0.17,0.18,0.22,0.3,0.5
2009-07-06,0.2453,0.2435,0.17,0.18,0.22,0.3,0.51
2009-07-07,0.2452,0.2434,0.17,0.18,0.25,0.34,0.56
2009-07-08,0.2464,0.2396,0.15,0.18,0.24,0.34,0.55
2009-07-09,0.2437,0.2423,0.18,0.18,0.23,0.32,0.55
2009-07-10,0.2385,0.2261,0.17,0.18,0.23,0.32,0.55
2009-07-13,0.2453,0.2258,0.17,0.18,0.23,0.33,0.56
2009-07-14,0.245,0.2303,0.18,0.18,0.24,0.35,0.59
2009-07-15,0.2363,0.2322,0.16,0.17,0.22,0.34,0.59
2009-07-16,0.2406,0.2335,0.17,0.17,0.22,0.32,0.58
2009-07-17,0.2349,0.232,0.16,0.17,0.21,0.32,0.58
2009-07-20,0.2349,0.2329,0.17,0.18,0.22,0.34,0.57
2009-07-21,0.2373,0.2322,0.16,0.17,0.23,0.33,0.58
2009-07-22,0.2421,0.2325,0.18,0.19,0.24,0.31,0.58
2009-07-23,0.2415,0.23,0.17,0.19,0.24,0.32,0.61
2009-07-24,0.2414,0.2354,0.17,0.19,0.24,0.3,0.61
2009-07-27,0.2422,0.2392,0.17,0.19,0.24,0.31,0.62
2009-07-28,0.2405,0.2376,0.17,0.2,0.24,0.31,0.61
2009-07-29,0.2432,0.2422,0.18,0.21,0.23,0.32,0.59
2009-07-30,0.2281,0.2376,0.18,0.2,0.24,0.32,0.61
2009-07-31,0.2461,0.25,0.19,0.19,0.24,0.31,0.6
2009-08-04,0.2401,0.238,0.18,0.2,0.27,0.35,0.65
2009-08-05,0.2469,0.232,0.17,0.2,0.26,0.36,0.66
2009-08-06,0.2391,0.2368,0.17,0.22,0.25,0.35,0.64
2009-08-07,0.2389,0.2325,0.14,0.22,0.26,0.35,0.66
2009-08-10,0.2364,0.2354,0.15,0.22,0.25,0.35,0.63
2009-08-11,0.2354,0.234,0.14,0.21,0.24,0.34,0.59
2009-08-12,0.2379,0.23,0.14,0.21,0.23,0.32,0.57
2009-08-13,0.235,0.229,0.14,0.2,0.23,0.33,0.57
2009-08-14,0.2293,0.2168,0.15,0.21,0.22,0.32,0.56
2009-08-17,0.2364,0.2362,0.13,0.2,0.22,0.32,0.55
2009-08-18,0.2362,0.2321,0.09,0.19,0.23,0.33,0.56
2009-08-19,0.2455,0.2451,0.08,0.16,0.22,0.34,0.57
2009-08-20,0.247,0.238,0.13,0.15,0.2,0.3,0.51
2009-08-21,0.2442,0.2309,0.1,0.14,0.2,0.29,0.53
2009-08-24,0.237,0.23,0.11,0.16,0.2,0.3,0.52
2009-08-25,0.2411,0.2386,0.12,0.18,0.2,0.29,0.52
2009-08-26,0.2398,0.2354,0.12,0.17,0.21,0.3,0.53
2009-08-27,0.2445,0.2363,0.14,0.16,0.2,0.29,0.53
2009-08-28,0.2427,0.2342,0.14,0.16,0.2,0.3,0.52
2009-08-31,0.2418,0.2365,0.12,0.17,0.2,0.29,0.51
2009-09-01,0.2405,0.243,0.14,0.17,0.2,0.32,0.56
2009-09-02,0.2433,0.2366,0.11,0.17,0.22,0.32,0.55
2009-09-03,0.2402,0.2389,0.11,0.16,0.21,0.33,0.57
2009-09-04,0.2402,0.2365,0.11,0.16,0.21,0.34,0.57
2009-09-08,0.2417,0.2385,0.11,0.16,0.21,0.31,0.54
2009-09-09,0.2387,0.234,0.11,0.16,0.21,0.3,0.54
2009-09-10,0.2393,0.236,0.12,0.16,0.2,0.29,0.51
2009-09-11,0.243,0.2442,0.11,0.17,0.2,0.29,0.49
2009-09-14,0.2387,0.2335,0.12,0.16,0.2,0.29,0.5
2009-09-15,0.2371,0.2355,0.11,0.15,0.22,0.3,0.49
2009-09-16,0.2367,0.2348,0.1,0.13,0.21,0.3,0.5
2009-09-17,0.2372,0.2393,0.11,0.15,0.22,0.29,0.5
2009-09-18,0.2372,0.2376,0.13,0.16,0.22,0.29,0.52
2009-09-21,0.2397,0.2374,0.13,0.15,0.23,0.3,0.51
2009-09-22,0.2362,0.24,0.14,0.17,0.22,0.29,0.51
2009-09-23,0.2381,0.2386,0.14,0.18,0.24,0.29,0.49
2009-09-24,0.2396,0.2373,0.15,0.17,0.24,0.3,0.5
2009-09-25,0.2452,0.2425,0.15,0.17,0.24,0.29,0.51
2009-09-28,0.2403,0.2412,0.16,0.17,0.23,0.29,0.51
2009-09-29,0.2364,0.2381,0.17,0.17,0.22,0.3,0.56
2009-09-30,0.2398,0.237,0.18,0.19,0.22,0.31,0.57
2009-10-01,0.2419,0.2434,0.17,0.19,0.22,0.3,0.55
2009-10-02,0.2397,0.24,0.17,0.19,0.21,0.29,0.53
2009-10-05,0.2429,0.2394,0.16,0.19,0.2,0.29,0.52
2009-10-06,0.2396,0.2395,0.16,0.19,0.21,0.29,0.54
2009-10-07,0.2407,0.2353,0.16,0.18,0.2,0.29,0.54
2009-10-08,0.2411,0.2365,0.16,0.18,0.2,0.32,0.58
2009-10-09,0.2411,0.2399,0.17,0.19,0.21,0.33,0.63
2009-10-13,0.2388,0.242,0.16,0.18,0.23,0.32,0.65
2009-10-14,0.2436,0.2351,0.17,0.19,0.23,0.33,0.68
2009-10-15,0.2416,0.2414,0.16,0.18,0.24,0.33,0.67
2009-10-16,0.2424,0.2362,0.16,0.2,0.23,0.33,0.65
2009-10-19,0.242,0.2383,0.17,0.2,0.22,0.32,0.65
2009-10-20,0.242,0.2383,0.17,0.2,0.21,0.28,0.58
2009-10-21,0.241,0.2393,0.18,0.2,0.21,0.29,0.58
2009-10-22,0.2441,0.2412,0.17,0.2,0.22,0.29,0.58
2009-10-23,0.2381,0.2268,0.18,0.21,0.22,0.29,0.6
2009-10-26,0.2406,0.2341,0.18,0.2,0.21,0.3,0.59
2009-10-27,0.242,0.2383,0.19,0.21,0.23,0.31,0.61
2009-10-28,0.241,0.2387,0.18,0.2,0.22,0.31,0.6
2009-10-29,0.2427,0.2411,0.18,0.21,0.23,0.31,0.61
2009-10-30,0.2411,0.24,0.17,0.2,0.22,0.31,0.57
2009-11-02,0.2429,0.2358,0.17,0.19,0.22,0.29,0.58
2009-11-03,0.2416,0.24,0.17,0.21,0.22,0.29,0.57
2009-11-04,0.242,0.2423,0.17,0.2,0.22,0.29,0.56
2009-11-05,0.2393,0.2338,0.17,0.21,0.22,0.29,0.56
2009-11-06,0.2398,0.2462,0.17,0.2,0.21,0.28,0.53
2009-11-09,0.2391,0.2388,0.18,0.2,0.22,0.29,0.54
2009-11-10,0.2439,0.2395,0.17,0.2,0.21,0.29,0.54
2009-11-12,0.2412,0.2429,0.17,0.2,0.24,0.29,0.54
2009-11-13,0.244,0.2476,0.16,0.19,0.22,0.29,0.53
2009-11-16,0.2482,0.2461,0.17,0.18,0.22,0.27,0.51
2009-11-17,0.244,0.24,0.16,0.19,0.22,0.28,0.49
2009-11-18,0.2427,0.2394,0.16,0.18,0.21,0.27,0.5
2009-11-19,0.2419,0.2439,0.16,0.19,0.22,0.27,0.47
2009-11-20,0.245,0.2476,0.16,0.19,0.22,0.27,0.47
2009-11-23,0.2438,0.2433,0.16,0.18,0.22,0.27,0.47
2009-11-24,0.2408,0.2395,0.17,0.18,0.22,0.26,0.47
2009-11-25,0.2433,0.2389,0.17,0.18,0.22,0.28,0.48
2009-11-26,0.2424,0.2407,0.18,0.17,0.22,0.27,0.46
2009-11-27,0.2423,0.2501,0.16,0.18,0.21,0.27,0.46
2009-11-30,0.2479,0.265,0.16,0.19,0.21,0.27,0.46
2009-12-01,0.2463,0.2672,0.16,0.19,0.21,0.27,0.45
2009-12-02,0.2483,0.2533,0.16,0.18,0.2,0.28,0.48
2009-12-03,0.2433,0.2478,0.17,0.19,0.21,0.29,0.49
2009-12-04,0.2427,0.2545,0.17,0.19,0.22,0.32,0.56
2009-12-07,0.2417,0.2435,0.17,0.18,0.21,0.3,0.54
2009-12-08,0.2376,0.2386,0.16,0.18,0.22,0.27,0.53
2009-12-09,0.2367,0.2421,0.16,0.19,0.21,0.27,0.53
2009-12-10,0.2372,0.2604,0.17,0.18,0.2,0.27,0.53
2009-12-11,0.2431,0.2581,0.16,0.19,0.19,0.27,0.56
2009-12-14,0.2427,0.2538,0.14,0.18,0.19,0.26,0.54
2009-12-15,0.2434,0.2471,0.14,0.18,0.19,0.27,0.56
2009-12-16,0.2442,0.249,0.14,0.17,0.2,0.26,0.56
2009-12-17,0.2401,0.2473,0.14,0.17,0.19,0.26,0.56
2009-12-18,0.2477,0.2564,0.15,0.17,0.19,0.26,0.56
2009-12-21,0.2372,0.2418,0.15,0.17,0.19,0.26,0.57
2009-12-22,0.2392,0.2426,0.14,0.16,0.2,0.29,0.65
2009-12-23,0.2445,0.2476,0.11,0.14,0.19,0.27,0.66
2009-12-24,0.2447,0.2444,0.09,0.13,0.19,0.27,0.66
2009-12-29,0.2465,0.2505,0.11,0.16,0.17,0.28,0.67
2009-12-30,0.2482,0.2541,0.13,0.16,0.19,0.27,0.67
2009-12-31,0.2496,0.2577,0.14,0.16,0.19,0.27,0.69
2010-01-04,0.2443,0.2501,0.14,0.16,0.18,0.28,0.68
2010-01-05,0.245,0.2437,0.14,0.15,0.18,0.28,0.69
2010-01-06,0.2454,0.2486,0.16,0.15,0.19,0.28,0.65
2010-01-07,0.2458,0.2481,0.14,0.15,0.18,0.27,0.64
2010-01-08,0.2425,0.2381,0.13,0.15,0.18,0.28,0.63
2010-01-11,0.2434,0.2411,0.14,0.15,0.18,0.27,0.6
2010-01-12,0.2391,0.2266,0.14,0.15,0.18,0.27,0.6
2010-01-13,0.2441,0.2415,0.14,0.15,0.18,0.27,0.6
2010-01-14,0.2454,0.2471,0.13,0.16,0.17,0.26,0.58
2010-01-15,0.2447,0.2365,0.14,0.16,0.17,0.26,0.58
2010-01-18,0.2446,0.2321,0.14,0.15,0.18,0.26,0.59
2010-01-19,0.245,0.2433,0.14,0.13,0.16,0.27,0.62
2010-01-20,0.2461,0.244,0.14,0.12,0.16,0.25,0.57
2010-01-21,0.2455,0.25,0.13,0.14,0.16,0.25,0.56
2010-01-22,0.2435,0.2452,0.12,0.14,0.16,0.24,0.55
2010-01-25,0.2447,0.2388,0.14,0.15,0.16,0.25,0.55
2010-01-26,0.2443,0.2441,0.14,0.15,0.16,0.24,0.53
2010-01-27,0.2447,0.2435,0.13,0.14,0.16,0.25,0.56
2010-01-28,0.2445,0.2469,0.14,0.15,0.16,0.24,0.53
2010-01-29,0.2451,0.2363,0.13,0.14,0.16,0.25,0.53
2010-02-01,0.245,0.2375,0.14,0.15,0.16,0.26,0.55
2010-02-02,0.2361,0.25,0.12,0.14,0.17,0.26,0.53
2010-02-03,0.2366,0.239,0.12,0.14,0.17,0.24,0.54
2010-02-04,0.238,0.2489,0.12,0.15,0.16,0.24,0.53
2010-02-05,0.2411,0.2449,0.13,0.14,0.17,0.23,0.51
2010-02-08,0.2389,0.2459,0.13,0.14,0.16,0.24,0.53
2010-02-09,0.2444,0.2488,0.12,0.15,0.17,0.24,0.53
2010-02-10,0.2469,0.2479,0.14,0.16,0.17,0.25,0.56
2010-02-11,0.2441,0.2424,0.14,0.15,0.17,0.24,0.58
2010-02-12,0.2471,0.2456,0.13,0.14,0.17,0.24,0.56
2010-02-16,0.2446,0.2491,0.14,0.14,0.16,0.26,0.61
2010-02-17,0.2465,0.2477,0.12,0.13,0.16,0.27,0.62
2010-02-18,0.2474,0.2455,0.14,0.14,0.16,0.27,0.62
2010-02-19,0.2481,0.2487,0.14,0.14,0.17,0.29,0.64
2010-02-22,0.2485,0.2534,0.13,0.14,0.17,0.29,0.64
2010-02-23,0.2469,0.2482,0.14,0.15,0.17,0.28,0.62
2010-02-24,0.2461,0.25,0.14,0.14,0.16,0.28,0.62
2010-02-25,0.2471,0.2498,0.17,0.16,0.16,0.27,0.6
2010-02-26,0.2482,0.2536,0.17,0.16,0.16,0.27,0.6
2010-03-01,0.2487,0.2556,0.17,0.16,0.17,0.28,0.63
2010-03-02,0.2456,0.2392,0.17,0.16,0.17,0.29,0.64
2010-03-03,0.2404,0.2258,0.17,0.16,0.18,0.3,0.69
2010-03-04,0.2423,0.2531,0.16,0.17,0.19,0.31,0.68
2010-03-05,0.2432,0.2387,0.16,0.17,0.19,0.31,0.7
2010-03-08,0.2459,0.242,0.16,0.16,0.19,0.32,0.71
2010-03-09,0.2453,0.2385,0.17,0.18,0.2,0.32,0.69
2010-03-10,0.2422,0.2396,0.18,0.16,0.21,0.32,0.7
2010-03-11,0.2446,0.2374,0.17,0.18,0.2,0.3,0.69
2010-03-12,0.2442,0.2429,0.17,0.18,0.21,0.32,0.71
2010-03-15,0.2441,0.2382,0.2,0.2,0.22,0.32,0.7
2010-03-16,0.2445,0.2345,0.16,0.19,0.22,0.34,0.76
2010-03-17,0.2413,0.229,0.15,0.19,0.23,0.33,0.78
2010-03-18,0.245,0.2403,0.18,0.2,0.22,0.34,0.78
2010-03-19,0.2478,0.2321,0.2,0.21,0.23,0.36,0.85
2010-03-22,0.2441,0.2452,0.21,0.21,0.23,0.37,0.85
2010-03-23,0.2431,0.2419,0.2,0.22,0.24,0.37,0.83
2010-03-24,0.2437,0.2377,0.2,0.22,0.24,0.39,0.87
2010-03-25,0.2454,0.24,0.22,0.23,0.24,0.4,0.88
2010-03-26,0.2407,0.2325,0.22,0.23,0.24,0.41,0.88
2010-03-29,0.2461,0.2375,0.2,0.24,0.25,0.42,0.91
2010-03-30,0.2479,0.25,0.22,0.24,0.28,0.47,0.95
2010-03-31,0.2483,0.236,0.2,0.25,0.28,0.48,0.96
2010-04-01,0.248,0.2526,0.18,0.25,0.29,0.48,0.96
2010-04-05,0.2467,0.2457,0.19,0.24,0.29,0.49,0.99
2010-04-06,0.246,0.2431,0.2,0.25,0.29,0.49,1.02
2010-04-07,0.2481,0.25,0.2,0.25,0.29,0.48,0.98
2010-04-08,0.2484,0.2421,0.19,0.23,0.28,0.49,0.99
2010-04-09,0.2455,0.2381,0.18,0.21,0.27,0.49,0.98
2010-04-12,0.2449,0.2494,0.17,0.21,0.28,0.49,0.99
2010-04-13,0.2448,0.2498,0.17,0.22,0.29,0.58,1.11
2010-04-14,0.2465,0.2485,0.16,0.21,0.29,0.59,1.12
2010-04-15,0.2514,0.2677,0.14,0.19,0.25,0.57,1.11
2010-04-16,0.2494,0.2411,0.15,0.19,0.24,0.56,1.08
2010-04-19,0.2457,0.2421,0.15,0.19,0.26,0.55,1.07
2010-04-20,0.2491,0.2506,0.19,0.25,0.35,0.67,1.24
2010-04-21,0.2453,0.2486,0.2,0.28,0.38,0.71,1.3
2010-04-22,0.2489,0.2489,0.19,0.26,0.37,0.68,1.26
2010-04-23,0.2475,0.2471,0.19,0.26,0.35,0.68,1.25
2010-04-26,0.2491,0.2502,0.19,0.26,0.35,0.7,1.26
2010-04-27,0.2501,0.2482,0.17,0.26,0.39,0.71,1.27
2010-04-28,0.2452,0.2438,0.18,0.25,0.39,0.72,1.29
2010-04-29,0.2458,0.2477,0.17,0.3,0.39,0.7,1.28
2010-04-30,0.2465,0.2496,0.19,0.3,0.39,0.68,1.26
2010-05-03,0.2511,0.2589,0.17,0.3,0.39,0.69,1.26
2010-05-04,0.2449,0.2557,0.18,0.26,0.37,0.65,1.17
2010-05-05,0.2496,0.2472,0.16,0.28,0.36,0.64,1.12
2010-05-06,0.2493,0.2495,0.14,0.24,0.32,0.58,0.98
2010-05-07,0.2459,0.2467,0.14,0.26,0.35,0.62,1.05
2010-05-10,0.2473,0.2514,0.16,0.29,0.36,0.68,1.15
2010-05-11,0.2459,0.2445,0.16,0.27,0.39,0.75,1.25
2010-05-12,0.2456,0.2369,0.14,0.25,0.39,0.76,1.26
2010-05-13,0.2456,0.2412,0.16,0.27,0.39,0.73,1.24
2010-05-14,0.2447,0.2406,0.14,0.26,0.38,0.64,1.14
2010-05-17,0.2436,0.241,0.13,0.26,0.38,0.68,1.15
2010-05-18,0.2428,0.2446,0.13,0.25,0.37,0.68,1.12
2010-05-19,0.243,0.2495,0.13,0.25,0.36,0.65,1.11
2010-05-20,0.2454,0.2371,0.13,0.26,0.36,0.62,1.05
2010-05-21,0.2432,0.2395,0.15,0.25,0.36,0.64,1.05
2010-05-25,0.2426,0.2418,0.14,0.26,0.43,0.6,1.0
2010-05-26,0.2448,0.2407,0.14,0.25,0.45,0.62,1.02
2010-05-27,0.2453,0.248,0.22,0.37,0.45,0.69,1.13
2010-05-28,0.2484,0.2473,0.23,0.38,0.47,0.68,1.13
2010-05-31,0.245,0.2416,0.27,0.39,0.5,0.72,1.17
2010-06-01,0.4913,0.4813,0.29,0.38,0.5,0.71,1.11
2010-06-02,0.4909,0.5053,0.28,0.39,0.5,0.71,1.13
2010-06-03,0.4917,0.4863,0.29,0.39,0.5,0.71,1.14
2010-06-04,0.4961,0.4833,0.26,0.38,0.49,0.67,1.08
2010-06-07,0.484,0.49,0.26,0.38,0.49,0.69,1.09
2010-06-08,0.4908,0.4691,0.27,0.38,0.54,0.77,1.15
2010-06-09,0.4947,0.4893,0.25,0.37,0.54,0.79,1.19
2010-06-10,0.4975,0.501,0.28,0.43,0.54,0.81,1.23
2010-06-11,0.4922,0.4877,0.27,0.42,0.53,0.8,1.21
2010-06-14,0.4929,0.4941,0.26,0.42,0.54,0.81,1.23
2010-06-15,0.4923,0.4813,0.26,0.42,0.53,0.81,1.24
2010-06-16,0.4905,0.4832,0.26,0.43,0.53,0.79,1.22
2010-06-17,0.4907,0.4807,0.25,0.43,0.52,0.79,1.19
2010-06-18,0.4885,0.4862,0.25,0.42,0.53,0.79,1.2
2010-06-21,0.4913,0.484,0.25,0.42,0.54,0.8,1.23
2010-06-22,0.4907,0.484,0.24,0.42,0.57,0.82,1.21
2010-06-23,0.4914,0.4949,0.32,0.39,0.54,0.79,1.17
2010-06-24,0.4927,0.4846,0.32,0.43,0.53,0.77,1.1
2010-06-25,0.4929,0.4914,0.32,0.45,0.53,0.77,1.11
2010-06-28,0.4939,0.4971,0.3,0.44,0.52,0.77,1.11
2010-06-29,0.4919,0.4904,0.3,0.43,0.52,0.76,1.08
2010-06-30,0.4927,0.4801,0.28,0.42,0.5,0.73,1.01
2010-07-02,0.4947,0.4919,0.28,0.42,0.5,0.73,1.01
2010-07-05,0.4939,0.4805,0.29,0.42,0.51,0.73,1.02
2010-07-06,0.4946,0.4919,0.25,0.39,0.53,0.78,1.06
2010-07-07,0.4905,0.4865,0.25,0.38,0.5,0.78,1.04
2010-07-08,0.4956,0.4938,0.24,0.37,0.47,0.8,1.06
2010-07-09,0.4949,0.4914,0.27,0.4,0.5,0.84,1.14
2010-07-12,0.4941,0.4893,0.29,0.39,0.49,0.83,1.13
2010-07-13,0.4943,0.4847,0.3,0.4,0.51,0.85,1.17
2010-07-14,0.4942,0.4979,0.31,0.42,0.54,0.87,1.18
2010-07-15,0.4938,0.4927,0.43,0.44,0.55,0.86,1.18
2010-07-16,0.499,0.4983,0.43,0.46,0.57,0.86,1.14
2010-07-19,0.4942,0.5,0.49,0.52,0.58,0.85,1.1
2010-07-20,0.7478,0.7509,0.51,0.54,0.62,0.86,1.11
2010-07-21,0.7443,0.74,0.51,0.52,0.61,0.86,1.11
2010-07-22,0.7471,0.7486,0.51,0.54,0.61,0.86,1.12
2010-07-23,0.7469,0.7444,0.51,0.55,0.62,0.88,1.15
2010-07-26,0.7208,0.7526,0.54,0.57,0.62,0.89,1.15
2010-07-27,0.7233,0.7561,0.54,0.58,0.64,0.89,1.18
2010-07-28,0.7483,0.7431,0.55,0.59,0.65,0.89,1.17
2010-07-29,0.7486,0.7471,0.54,0.58,0.65,0.89,1.16
2010-07-30,0.7472,0.7423,0.55,0.58,0.66,0.88,1.14
2010-08-03,0.7462,0.7427,0.54,0.57,0.67,0.93,1.14
2010-08-04,0.7454,0.7409,0.54,0.58,0.68,0.94,1.18
2010-08-05,0.7464,0.7498,0.55,0.61,0.69,0.95,1.17
2010-08-06,0.7502,0.7579,0.53,0.62,0.67,0.93,1.14
2010-08-09,0.7501,0.7529,0.52,0.61,0.68,0.94,1.14
2010-08-10,0.7481,0.7495,0.53,0.62,0.68,0.95,1.14
2010-08-11,0.7486,0.7502,0.53,0.61,0.67,0.91,1.07
2010-08-12,0.7543,0.7589,0.55,0.61,0.67,0.95,1.08
2010-08-13,0.751,0.7589,0.53,0.62,0.67,0.93,1.09
2010-08-16,0.7541,0.757,0.52,0.6,0.67,0.92,1.07
2010-08-17,0.7477,0.75,0.51,0.58,0.68,0.93,1.1
2010-08-18,0.7501,0.7533,0.5,0.57,0.67,0.91,1.1
2010-08-19,0.7482,0.7543,0.38,0.56,0.64,0.89,1.07
2010-08-20,0.748,0.7532,0.4,0.53,0.62,0.84,0.99
2010-08-23,0.7478,0.7508,0.41,0.54,0.61,0.83,0.99
2010-08-24,0.749,0.75,0.4,0.53,0.61,0.81,0.97
2010-08-25,0.7479,0.7538,0.43,0.53,0.62,0.82,0.98
2010-08-26,0.746,0.7569,0.53,0.56,0.66,0.82,1.0
2010-08-27,0.7478,0.7535,0.56,0.61,0.68,0.86,1.03
2010-08-30,0.7481,0.7529,0.57,0.61,0.67,0.86,1.02
2010-08-31,0.7484,0.7545,0.59,0.62,0.7,0.89,1.01
2010-09-01,0.7527,0.7671,0.59,0.62,0.7,0.91,1.03
2010-09-02,0.7561,0.762,0.58,0.64,0.71,0.9,1.05
2010-09-03,0.7512,0.753,0.68,0.73,0.78,0.95,1.12
2010-09-07,0.7519,0.7605,0.68,0.73,0.78,0.93,1.1
2010-09-08,0.9997,1.0017,0.79,0.84,0.87,1.03,1.19
2010-09-09,0.995,0.9943,0.8,0.85,0.9,1.07,1.24
2010-09-10,0.9955,0.998,0.81,0.86,0.89,1.07,1.25
2010-09-13,0.997,1.0,0.81,0.85,0.9,1.08,1.29
2010-09-14,0.999,0.9999,0.8,0.83,0.91,1.07,1.27
2010-09-15,0.9997,0.9921,0.77,0.82,0.91,1.08,1.3
2010-09-16,1.0007,0.9983,0.75,0.79,0.92,1.11,1.33
2010-09-17,0.9968,0.9919,0.77,0.82,0.91,1.09,1.32
2010-09-20,0.9993,1.0005,0.77,0.82,0.92,1.09,1.32
2010-09-21,0.9994,0.9987,0.77,0.82,0.91,1.06,1.29
2010-09-22,0.9992,1.0,0.8,0.82,0.9,1.05,1.27
2010-09-23,0.9998,0.9972,0.83,0.84,0.9,1.05,1.28
2010-09-24,0.9983,0.9999,0.83,0.84,0.9,1.07,1.32
2010-09-27,0.9987,1.0,0.84,0.85,0.9,1.07,1.31
2010-09-28,0.993,0.9842,0.85,0.85,0.9,1.08,1.29
2010-09-29,0.9965,0.9992,0.84,0.84,0.87,1.07,1.27
2010-09-30,0.9951,0.9929,0.84,0.84,0.87,1.04,1.23
2010-10-01,0.9984,1.0013,0.84,0.85,0.87,1.03,1.23
2010-10-04,1.0022,1.0027,0.84,0.85,0.86,1.02,1.22
2010-10-05,0.9988,1.0006,0.85,0.86,0.86,1.01,1.22
2010-10-06,0.9995,0.9978,0.86,0.85,0.87,1.0,1.21
2010-10-07,0.9995,0.9959,0.86,0.86,0.88,1.0,1.21
2010-10-08,0.9983,0.997,0.87,0.87,0.88,0.99,1.18
2010-10-12,0.9987,1.0,0.88,0.87,0.89,1.0,1.2
2010-10-13,0.9971,0.9974,0.88,0.88,0.9,1.02,1.22
2010-10-14,0.9999,1.0,0.88,0.87,0.89,1.04,1.22
2010-10-15,0.9993,1.0004,0.87,0.88,0.89,1.02,1.22
2010-10-18,0.9989,1.0,0.87,0.88,0.89,1.01,1.21
2010-10-19,0.9994,0.997,0.87,0.88,0.88,0.98,1.16
2010-10-20,0.999,1.0009,0.86,0.89,0.89,0.98,1.16
2010-10-21,0.9976,0.9975,0.87,0.88,0.9,0.99,1.17
2010-10-22,0.9966,1.0011,0.87,0.89,0.9,0.99,1.17
2010-10-25,0.9941,0.9991,0.88,0.88,0.89,0.99,1.17
2010-10-26,0.9979,0.9974,0.88,0.89,0.92,1.0,1.19
2010-10-27,0.9991,1.0,0.87,0.88,0.92,1.02,1.21
2010-10-28,0.9986,0.9998,0.86,0.89,0.92,1.01,1.2
2010-10-29,0.9972,0.9983,0.87,0.87,0.92,1.01,1.18
2010-11-01,0.999,0.9949,0.86,0.87,0.91,1.01,1.18
2010-11-02,1.0041,1.0224,0.87,0.88,0.92,1.02,1.19
2010-11-03,0.996,0.9942,0.88,0.88,0.92,1.02,1.19
2010-11-04,0.9983,0.995,0.89,0.89,0.91,1.01,1.18
2010-11-05,0.9929,0.9799,0.88,0.9,0.92,1.03,1.23
2010-11-08,0.9945,0.9921,0.88,0.9,0.93,1.03,1.24
2010-11-09,0.9951,0.9904,0.88,0.9,0.95,1.07,1.28
2010-11-10,0.9989,1.0,0.89,0.89,0.95,1.07,1.27
2010-11-12,0.999,1.003,0.87,0.89,0.94,1.05,1.26
2010-11-15,1.0029,1.0148,0.87,0.89,0.94,1.05,1.28
2010-11-16,1.0001,1.0049,0.87,0.89,0.94,1.05,1.26
2010-11-17,0.999,1.0033,0.88,0.91,0.95,1.05,1.26
2010-11-18,1.0,0.9999,0.87,0.91,0.95,1.06,1.28
2010-11-19,0.9997,1.003,0.92,0.91,0.94,1.07,1.29
2010-11-22,1.0,1.0,0.92,0.93,0.96,1.06,1.28
2010-11-23,0.9988,1.0,0.93,0.94,0.99,1.09,1.33
2010-11-24,1.0,0.9997,0.93,0.95,0.99,1.12,1.39
2010-11-25,0.9987,1.0,0.94,0.97,1.0,1.12,1.39
2010-11-26,0.9987,0.9979,0.94,0.96,1.0,1.14,1.39
2010-11-29,0.9982,1.0096,0.95,0.97,1.01,1.13,1.38
2010-11-30,0.998,0.9967,0.95,0.96,1.01,1.13,1.36
2010-12-01,1.0004,1.0235,0.95,0.97,1.01,1.13,1.38
2010-12-02,1.0084,1.0266,0.95,0.97,1.01,1.13,1.38
2010-12-03,1.0043,0.9971,0.94,0.97,1.01,1.12,1.34
2010-12-06,0.9988,1.01,0.93,0.97,0.99,1.11,1.29
2010-12-07,0.999,0.9862,0.94,0.97,1.0,1.12,1.33
2010-12-08,0.998,0.9819,0.9,0.97,1.01,1.14,1.34
2010-12-09,0.9969,0.9887,0.89,0.94,0.98,1.12,1.32
2010-12-10,0.997,0.9857,0.89,0.95,0.98,1.13,1.35
2010-12-13,0.998,0.98,0.94,0.97,0.98,1.1,1.33
2010-12-14,0.9952,0.9931,0.89,0.95,0.98,1.11,1.36
2010-12-15,0.9993,0.998,0.9,0.96,0.98,1.12,1.37
2010-12-16,0.9929,0.9843,0.89,0.96,0.98,1.12,1.36
2010-12-17,0.9944,0.9865,0.89,0.96,0.97,1.11,1.34
2010-12-20,0.996,0.9938,0.89,0.95,0.97,1.1,1.33
2010-12-21,0.9971,0.9906,0.89,0.95,0.99,1.14,1.37
2010-12-22,0.9957,0.9888,0.88,0.94,0.99,1.13,1.36
2010-12-23,0.9961,0.9898,0.89,0.95,0.98,1.13,1.38
2010-12-24,0.9912,0.9832,0.93,0.96,0.98,1.13,1.37
2010-12-29,0.9949,0.9882,0.92,0.96,0.98,1.13,1.38
2010-12-30,0.9955,0.9872,0.92,0.95,0.97,1.14,1.4
2010-12-31,0.9915,0.9702,0.92,0.95,0.97,1.13,1.4
2011-01-04,0.9935,0.9886,0.91,0.95,0.98,1.14,1.39
2011-01-05,0.9937,0.9864,0.89,0.94,0.98,1.16,1.44
2011-01-06,0.9914,0.98,0.9,0.93,0.97,1.15,1.42
2011-01-07,0.9925,0.9863,0.89,0.93,0.97,1.14,1.4
2011-01-10,0.9932,0.9795,0.89,0.93,0.96,1.15,1.4
2011-01-11,0.9908,0.9823,0.9,0.93,0.96,1.15,1.4
2011-01-12,0.9893,0.9838,0.9,0.92,0.95,1.14,1.4
2011-01-13,0.9932,0.9852,0.9,0.93,0.96,1.14,1.4
2011-01-14,0.9945,0.9856,0.9,0.93,0.96,1.13,1.42
2011-01-17,0.9927,0.9848,0.9,0.93,0.96,1.13,1.42
2011-01-18,0.9906,0.9839,0.89,0.92,0.97,1.14,1.44
2011-01-19,0.9916,0.9858,0.86,0.89,0.97,1.11,1.37
2011-01-20,0.9976,0.9975,0.87,0.91,0.97,1.11,1.37
2011-01-21,0.9939,0.9887,0.87,0.9,0.97,1.1,1.36
2011-01-24,0.9923,0.9883,0.87,0.9,0.96,1.09,1.35
2011-01-25,0.994,0.9885,0.87,0.9,0.96,1.07,1.32
2011-01-26,0.9902,0.9836,0.88,0.9,0.95,1.08,1.33
2011-01-27,0.9894,0.9795,0.89,0.9,0.96,1.06,1.3
2011-01-28,0.9929,0.9877,0.88,0.9,0.96,1.05,1.29
2011-01-31,0.9905,0.9784,0.88,0.9,0.96,1.05,1.29
2011-02-01,0.993,0.9866,0.87,0.89,0.94,1.07,1.32
2011-02-02,0.9924,0.984,0.87,0.88,0.94,1.07,1.33
2011-02-03,0.9946,0.9877,0.88,0.91,0.94,1.06,1.33
2011-02-04,0.9948,0.993,0.89,0.92,0.95,1.08,1.38
2011-02-07,0.992,0.9834,0.89,0.92,0.95,1.08,1.38
2011-02-08,0.9933,0.9927,0.9,0.92,0.95,1.07,1.37
2011-02-09,0.9953,0.99,0.89,0.92,0.96,1.06,1.36
2011-02-10,0.9948,0.99,0.9,0.92,0.96,1.06,1.36
2011-02-11,0.9935,0.9862,0.9,0.93,0.96,1.06,1.38
2011-02-14,0.9949,0.9794,0.89,0.92,0.96,1.07,1.38
2011-02-15,0.9934,0.9874,0.91,0.92,0.97,1.13,1.44
2011-02-16,0.9874,0.9821,0.9,0.92,0.96,1.13,1.45
2011-02-17,0.9945,0.98,0.91,0.93,0.96,1.12,1.41
2011-02-18,0.9936,0.9873,0.91,0.92,0.95,1.11,1.41
2011-02-22,0.994,0.9851,0.9,0.93,0.95,1.08,1.36
2011-02-23,0.9911,0.9825,0.91,0.92,0.95,1.08,1.36
2011-02-24,0.9951,0.9829,0.92,0.93,0.95,1.08,1.35
2011-02-25,0.9953,0.9869,0.92,0.94,0.95,1.09,1.37
2011-02-28,0.9955,0.9893,0.92,0.94,0.96,1.11,1.4
2011-03-01,0.9953,0.9911,0.9,0.93,0.95,1.1,1.37
2011-03-02,0.9958,0.99,0.91,0.93,0.95,1.09,1.37
2011-03-03,0.9963,0.9921,0.91,0.93,0.95,1.11,1.42
2011-03-04,0.995,0.9819,0.91,0.93,0.95,1.09,1.39
2011-03-07,0.9943,0.9935,0.89,0.94,0.96,1.1,1.41
2011-03-08,0.994,0.9896,0.9,0.93,0.95,1.1,1.42
2011-03-09,0.9947,0.9837,0.91,0.93,0.95,1.1,1.4
2011-03-10,0.9943,0.9861,0.9,0.93,0.95,1.07,1.36
2011-03-11,0.991,0.9863,0.89,0.92,0.94,1.07,1.34
2011-03-14,0.9949,0.9853,0.88,0.92,0.94,1.05,1.31
2011-03-15,0.9939,0.9864,0.86,0.9,0.92,1.08,1.3
2011-03-16,0.9935,0.9875,0.78,0.91,0.9,1.04,1.24
2011-03-17,0.9918,0.9899,0.85,0.89,0.89,1.05,1.26
2011-03-18,0.9922,0.9934,0.85,0.88,0.89,1.05,1.26
2011-03-21,1.0003,0.999,0.84,0.89,0.9,1.07,1.3
2011-03-22,0.9973,0.9981,0.85,0.89,0.9,1.06,1.31
2011-03-23,0.9818,1.0,0.87,0.89,0.91,1.05,1.29
2011-03-24,0.993,0.9909,0.89,0.9,0.91,1.05,1.3
2011-03-25,0.994,0.9911,0.88,0.89,0.91,1.06,1.32
2011-03-28,0.9971,0.9919,0.88,0.9,0.91,1.07,1.33
2011-03-29,0.9932,0.9863,0.89,0.89,0.91,1.08,1.35
2011-03-30,0.9956,0.9901,0.89,0.9,0.92,1.07,1.35
2011-03-31,0.996,0.9888,0.9,0.91,0.93,1.08,1.36
2011-04-01,0.9941,0.9899,0.91,0.92,0.95,1.09,1.38
2011-04-04,0.9975,0.9993,0.91,0.93,0.95,1.08,1.37
2011-04-05,0.9959,0.997,0.93,0.95,0.97,1.09,1.4
2011-04-06,0.9962,0.9944,0.93,0.95,0.97,1.1,1.41
2011-04-07,0.9957,0.9868,0.94,0.95,0.97,1.1,1.42
2011-04-08,0.9941,0.9908,0.94,0.95,0.97,1.12,1.43
2011-04-11,0.9951,0.9992,0.94,0.96,0.97,1.12,1.45
2011-04-12,0.9977,0.9944,0.91,0.93,0.94,1.12,1.45
2011-04-13,0.9979,0.9979,0.9,0.93,0.95,1.11,1.41
2011-04-14,0.9967,0.9979,0.9,0.93,0.94,1.1,1.41
2011-04-15,0.9968,0.9955,0.9,0.93,0.94,1.09,1.38
2011-04-18,0.9978,0.9981,0.91,0.93,0.94,1.08,1.36
2011-04-19,0.9966,0.9955,0.92,0.94,0.96,1.12,1.42
2011-04-20,0.9953,0.9945,0.93,0.95,0.97,1.13,1.44
2011-04-21,0.9968,0.9971,0.93,0.97,0.96,1.14,1.45
2011-04-25,0.997,0.9953,0.93,0.95,0.98,1.14,1.44
2011-04-26,0.9982,0.9944,0.93,0.94,0.97,1.13,1.42
2011-04-27,0.9964,0.9949,0.9,0.93,0.97,1.13,1.43
2011-04-28,0.9972,1.0008,0.91,0.95,0.98,1.11,1.4
2011-04-29,0.9962,1.0015,0.9,0.94,0.98,1.1,1.38
2011-05-02,0.9983,1.006,0.9,0.94,0.98,1.11,1.37
2011-05-03,0.9947,1.0072,0.9,0.94,0.97,1.1,1.36
2011-05-04,0.9984,0.9891,0.91,0.93,0.96,1.09,1.35
2011-05-05,1.0013,1.008,0.9,0.94,0.97,1.08,1.33
2011-05-06,0.9968,0.9955,0.91,0.95,0.97,1.09,1.34
2011-05-09,0.9965,0.9948,0.92,0.94,0.96,1.09,1.33
2011-05-10,0.9973,0.9983,0.89,0.93,0.97,1.12,1.39
2011-05-11,0.9944,0.9865,0.9,0.93,0.98,1.13,1.38
2011-05-12,0.9895,0.9896,0.91,0.94,0.98,1.11,1.37
2011-05-13,0.9965,0.9613,0.9,0.94,0.98,1.1,1.36
2011-05-16,0.9907,0.9899,0.89,0.93,0.97,1.1,1.34
2011-05-17,0.9969,0.9978,0.88,0.92,0.95,1.09,1.32
2011-05-18,0.9986,0.996,0.88,0.92,0.96,1.09,1.32
2011-05-19,0.9983,0.9972,0.89,0.93,0.97,1.1,1.34
2011-05-20,0.9957,0.9959,0.89,0.92,0.95,1.08,1.29
2011-05-24,0.9991,0.9925,0.88,0.91,0.95,1.07,1.28
2011-05-25,0.997,0.99,0.88,0.91,0.95,1.06,1.27
2011-05-26,0.9955,0.9953,0.88,0.93,0.95,1.04,1.24
2011-05-27,0.9979,0.9978,0.9,0.93,0.95,1.02,1.22
2011-05-30,0.9957,0.9941,0.9,0.92,0.96,1.03,1.22
2011-05-31,0.9981,1.0018,0.9,0.92,0.96,1.04,1.24
2011-06-01,0.9985,0.9972,0.9,0.92,0.95,1.03,1.22
2011-06-02,0.999,0.9946,0.9,0.93,0.96,1.03,1.23
2011-06-03,0.9982,0.9918,0.9,0.93,0.95,1.02,1.2
2011-06-06,0.9967,0.9902,0.9,0.93,0.95,1.02,1.2
2011-06-07,0.9964,0.9977,0.89,0.91,0.95,1.05,1.24
2011-06-08,0.9968,0.9992,0.87,0.9,0.94,1.03,1.22
2011-06-09,0.9966,1.0004,0.87,0.9,0.94,1.03,1.23
2011-06-10,0.9957,1.0031,0.88,0.91,0.94,1.03,1.23
2011-06-13,0.9979,1.0019,0.89,0.91,0.93,1.04,1.23
2011-06-14,0.9986,0.9991,0.88,0.91,0.95,1.04,1.25
2011-06-15,0.9989,0.9981,0.89,0.91,0.94,1.03,1.22
2011-06-16,0.9985,1.0,0.88,0.9,0.93,1.01,1.19
2011-06-17,0.9986,1.0012,0.9,0.9,0.93,1.01,1.19
2011-06-20,0.9962,0.997,0.89,0.91,0.93,1.02,1.2
2011-06-21,0.9965,0.989,0.87,0.89,0.89,1.02,1.21
2011-06-22,0.9984,1.0018,0.86,0.87,0.88,1.0,1.2
2011-06-23,0.9997,1.001,0.87,0.88,0.88,1.0,1.17
2011-06-24,0.9989,1.0,0.86,0.87,0.88,0.99,1.14
2011-06-27,0.9971,0.9975,0.87,0.88,0.89,0.99,1.14
2011-06-28,0.9974,0.999,0.89,0.91,0.91,1.0,1.16
2011-06-29,0.9961,0.993,0.89,0.91,0.93,1.04,1.21
2011-06-30,0.9961,1.0005,0.91,0.92,0.93,1.04,1.24
2011-07-04,0.9933,1.0075,0.89,0.91,0.93,1.02,1.21
2011-07-05,0.9986,1.002,0.89,0.91,0.92,1.05,1.26
2011-07-06,0.9992,0.9976,0.9,0.9,0.93,1.04,1.23
2011-07-07,0.9978,1.0,0.9,0.92,0.94,1.04,1.25
2011-07-08,0.9991,1.0039,0.89,0.91,0.93,1.03,1.21
2011-07-11,1.0015,1.0,0.89,0.9,0.92,1.01,1.18
2011-07-12,0.9987,1.0045,0.89,0.91,0.92,1.01,1.18
2011-07-13,0.9991,1.0031,0.89,0.9,0.92,1.01,1.18
2011-07-14,1.0018,1.0,0.88,0.9,0.92,1.01,1.19
2011-07-15,0.9994,0.9996,0.89,0.91,0.92,1.01,1.17
2011-07-18,0.9979,0.98,0.89,0.91,0.92,1.0,1.16
2011-07-19,0.9991,0.9902,0.9,0.9,0.92,1.04,1.25
2011-07-20,0.9993,1.0052,0.88,0.9,0.92,1.05,1.28
2011-07-21,0.9995,1.0084,0.9,0.91,0.94,1.05,1.3
2011-07-22,0.9984,0.9819,0.9,0.91,0.92,1.04,1.26
2011-07-25,0.9974,0.9977,0.9,0.91,0.93,1.03,1.27
2011-07-26,0.9984,0.9998,0.91,0.92,0.93,1.03,1.26
2011-07-27,0.9994,0.9979,0.91,0.91,0.92,1.03,1.25
2011-07-28,0.9939,0.9839,0.91,0.91,0.92,1.02,1.25
2011-07-29,0.9973,1.0004,0.9,0.9,0.91,1.0,1.2
2011-08-02,1.0043,1.0186,0.9,0.9,0.9,1.0,1.14
2011-08-03,0.9998,0.9903,0.86,0.88,0.91,0.99,1.14
2011-08-04,0.9994,0.9965,0.85,0.85,0.89,0.92,0.95
2011-08-05,0.9992,0.9821,0.83,0.85,0.87,0.94,0.96
2011-08-08,1.0003,0.9977,0.79,0.79,0.81,0.79,0.77
2011-08-09,1.0015,0.9991,0.8,0.8,0.8,0.81,0.8
2011-08-10,1.0087,1.0223,0.78,0.78,0.79,0.82,0.8
2011-08-11,1.0026,1.0091,0.77,0.78,0.79,0.86,0.85
2011-08-12,0.9993,1.0082,0.79,0.79,0.81,0.87,0.86
2011-08-15,1.0022,1.0116,0.8,0.81,0.83,0.9,0.91
2011-08-16,0.9986,1.0,0.77,0.8,0.84,0.93,0.93
2011-08-17,1.0028,1.0073,0.76,0.81,0.85,0.93,0.93
2011-08-18,0.9985,1.02,0.73,0.8,0.84,0.88,0.85
2011-08-19,1.0018,1.0195,0.75,0.81,0.87,0.89,0.86
2011-08-22,0.9988,1.0,0.78,0.81,0.85,0.89,0.84
2011-08-23,0.9984,0.9996,0.78,0.81,0.86,0.89,0.87
2011-08-24,0.9985,1.0,0.83,0.83,0.89,0.92,0.92
2011-08-25,0.9992,1.013,0.83,0.85,0.89,0.92,0.93
2011-08-26,0.9964,0.9994,0.87,0.87,0.87,0.91,0.92
2011-08-29,0.9991,0.9976,0.88,0.88,0.88,0.94,0.94
2011-08-30,0.9982,0.9973,0.91,0.9,0.94,0.94,0.95
2011-08-31,0.9983,0.9986,0.94,0.92,0.93,0.95,0.97
2011-09-01,0.9987,1.0115,0.89,0.9,0.94,0.95,0.95
2011-09-02,0.999,0.988,0.89,0.91,0.94,0.92,0.92
2011-09-06,1.002,1.0063,0.9,0.89,0.91,0.88,0.86
2011-09-07,0.9984,0.993,0.86,0.89,0.92,0.91,0.9
2011-09-08,0.9995,0.9848,0.86,0.89,0.91,0.91,0.89
2011-09-09,0.9971,0.992,0.84,0.86,0.88,0.85,0.81
2011-09-12,1.0,1.0015,0.86,0.87,0.88,0.89,0.86
2011-09-13,0.9997,0.9985,0.84,0.85,0.9,0.91,0.92
2011-09-14,0.9973,0.9937,0.82,0.84,0.88,0.9,0.92
2011-09-15,0.9919,0.9957,0.78,0.82,0.87,0.91,0.94
2011-09-16,0.9987,0.996,0.8,0.83,0.87,0.91,0.96
2011-09-19,0.9975,0.9919,0.79,0.82,0.85,0.88,0.89
2011-09-20,0.9977,0.9972,0.81,0.83,0.86,0.88,0.9
2011-09-21,0.9978,0.9933,0.77,0.83,0.86,0.88,0.89
2011-09-22,0.9993,1.0031,0.81,0.82,0.83,0.83,0.8
2011-09-23,0.9986,1.0055,0.82,0.82,0.83,0.84,0.81
2011-09-26,0.9977,1.002,0.82,0.84,0.84,0.84,0.85
2011-09-27,0.999,1.0,0.84,0.84,0.86,0.88,0.88
2011-09-28,1.0007,1.0012,0.82,0.82,0.83,0.87,0.88
2011-09-29,0.9972,1.0037,0.81,0.81,0.82,0.86,0.85
2011-09-30,0.9966,0.9938,0.8,0.8,0.8,0.84,0.83
2011-10-03,1.0016,1.0003,0.8,0.8,0.81,0.83,0.81
2011-10-04,0.9998,0.9924,0.81,0.81,0.8,0.82,0.81
2011-10-05,1.0013,1.0223,0.8,0.81,0.81,0.84,0.83
2011-10-06,0.9987,0.9902,0.81,0.81,0.83,0.86,0.87
2011-10-07,0.9991,1.0017,0.83,0.83,0.85,0.88,0.89
2011-10-11,1.0003,0.9995,0.83,0.84,0.86,0.89,0.92
2011-10-12,0.999,1.0,0.8,0.81,0.87,0.91,0.95
2011-10-13,0.9987,1.0062,0.84,0.84,0.87,0.89,0.93
2011-10-14,1.0051,1.0207,0.84,0.85,0.87,0.91,0.95
2011-10-17,1.0004,1.003,0.84,0.85,0.86,0.9,0.93
2011-10-18,0.9995,1.0087,0.83,0.85,0.87,0.9,0.93
2011-10-19,0.9994,1.0079,0.84,0.85,0.88,0.9,0.94
2011-10-20,0.9993,0.9972,0.84,0.86,0.87,0.9,0.94
2011-10-21,0.9989,0.9988,0.86,0.86,0.88,0.92,0.96
2011-10-24,0.9991,0.9962,0.86,0.87,0.89,0.92,0.97
2011-10-25,0.9991,1.0117,0.84,0.86,0.87,0.92,0.95
2011-10-26,1.0007,1.0098,0.85,0.86,0.89,0.94,0.96
2011-10-27,1.0011,1.0296,0.85,0.88,0.91,0.96,0.99
2011-10-28,1.01,1.0167,0.85,0.87,0.91,0.94,0.98
2011-10-31,0.9979,1.0,0.84,0.86,0.89,0.93,0.94
2011-11-01,1.0027,1.012,0.85,0.86,0.88,0.9,0.88
2011-11-02,1.0035,1.0096,0.84,0.86,0.89,0.91,0.91
2011-11-03,1.0016,1.0031,0.85,0.86,0.89,0.93,0.93
2011-11-04,0.9991,0.9987,0.85,0.86,0.89,0.9,0.9
2011-11-07,1.0003,1.0017,0.85,0.87,0.89,0.91,0.9
2011-11-08,0.9975,1.0,0.85,0.86,0.9,0.93,0.93
2011-11-09,1.0001,0.9959,0.83,0.87,0.89,0.9,0.88
2011-11-10,0.9976,1.0036,0.84,0.86,0.89,0.92,0.9
2011-11-14,0.9991,1.0092,0.84,0.86,0.89,0.9,0.89
2011-11-15,1.0015,1.0079,0.83,0.85,0.88,0.91,0.87
2011-11-16,0.9994,1.0032,0.83,0.86,0.89,0.91,0.87
2011-11-17,1.0011,1.0149,0.83,0.85,0.88,0.9,0.84
2011-11-18,0.9998,1.0032,0.84,0.86,0.89,0.91,0.86
2011-11-21,0.9997,1.005,0.84,0.85,0.88,0.9,0.85
2011-11-22,1.0,1.0011,0.82,0.85,0.89,0.9,0.85
2011-11-23,1.0004,0.9947,0.81,0.83,0.88,0.89,0.86
2011-11-24,0.9991,1.0011,0.81,0.84,0.86,0.9,0.85
2011-11-25,0.9975,1.0021,0.82,0.84,0.85,0.9,0.86
2011-11-28,0.9984,0.9975,0.81,0.84,0.87,0.9,0.89
2011-11-29,0.9992,0.9991,0.8,0.84,0.86,0.9,0.89
2011-11-30,0.999,0.9978,0.8,0.83,0.86,0.91,0.92
2011-12-01,1.0002,1.0069,0.8,0.83,0.85,0.9,0.9
2011-12-02,0.9998,1.0086,0.79,0.82,0.84,0.89,0.88
2011-12-05,1.0009,1.0138,0.78,0.81,0.84,0.89,0.87
2011-12-06,0.996,1.009,0.76,0.79,0.84,0.9,0.91
2011-12-07,0.9987,0.999,0.76,0.76,0.84,0.89,0.88
2011-12-08,0.9978,0.9982,0.75,0.78,0.83,0.88,0.87
2011-12-09,0.9975,1.0,0.74,0.79,0.83,0.89,0.89
2011-12-12,0.9976,1.0056,0.74,0.79,0.82,0.88,0.86
2011-12-13,0.9983,1.0021,0.73,0.79,0.83,0.87,0.85
2011-12-14,1.0007,1.0032,0.78,0.8,0.82,0.87,0.86
2011-12-15,0.9989,1.0036,0.77,0.8,0.81,0.86,0.86
2011-12-16,0.9976,1.0018,0.77,0.79,0.81,0.85,0.86
2011-12-19,0.9983,1.0136,0.75,0.79,0.82,0.85,0.86
2011-12-20,1.0018,1.0165,0.74,0.78,0.82,0.88,0.9
2011-12-21,1.0026,1.0159,0.74,0.78,0.83,0.89,0.89
2011-12-22,1.003,1.012,0.77,0.79,0.82,0.89,0.9
2011-12-23,0.999,0.9986,0.77,0.79,0.82,0.9,0.91
2011-12-28,1.0007,1.0054,0.76,0.8,0.83,0.91,0.92
2011-12-29,0.9984,0.9769,0.74,0.77,0.82,0.9,0.92
2011-12-30,0.9956,0.9875,0.73,0.78,0.82,0.9,0.92
2012-01-03,0.9977,1.0033,0.75,0.78,0.82,0.94,0.96
2012-01-04,0.9992,1.0013,0.72,0.78,0.82,0.92,0.97
2012-01-05,1.0006,1.0,0.72,0.77,0.81,0.89,0.95
2012-01-06,0.9993,1.004,0.68,0.74,0.78,0.87,0.93
2012-01-09,0.9984,1.0037,0.71,0.75,0.77,0.88,0.93
2012-01-10,1.0001,1.0016,0.72,0.75,0.79,0.9,0.95
2012-01-11,1.0023,1.0045,0.71,0.75,0.79,0.9,0.95
2012-01-12,1.0013,1.0034,0.73,0.75,0.79,0.9,0.96
2012-01-13,0.9994,1.0051,0.73,0.75,0.78,0.89,0.96
2012-01-16,1.0,1.0058,0.74,0.76,0.8,0.89,0.96
2012-01-17,1.0,1.0062,0.74,0.76,0.82,0.9,0.96
2012-01-18,1.0003,1.0072,0.77,0.76,0.83,0.9,0.97
2012-01-19,0.999,1.0013,0.79,0.8,0.83,0.91,0.99
2012-01-20,0.9986,0.9994,0.78,0.81,0.84,0.91,1.02
2012-01-23,0.9982,0.9981,0.79,0.79,0.84,0.92,1.0
2012-01-24,0.9984,0.9945,0.81,0.83,0.85,0.91,0.99
2012-01-25,0.9998,0.997,0.84,0.84,0.86,0.92,0.98
2012-01-26,0.9912,0.988,0.83,0.83,0.86,0.91,0.97
2012-01-27,0.9948,0.9894,0.84,0.85,0.86,0.91,0.98
2012-01-30,0.9974,0.9938,0.84,0.84,0.87,0.91,0.97
2012-01-31,0.9917,0.9807,0.85,0.85,0.88,0.92,0.98
2012-02-01,0.9949,0.9781,0.86,0.87,0.89,0.93,0.98
2012-02-02,0.9946,0.9856,0.85,0.87,0.89,0.93,0.99
2012-02-03,0.9942,0.9885,0.85,0.88,0.88,0.93,0.98
2012-02-06,0.9981,0.9945,0.84,0.87,0.89,0.93,0.99
2012-02-07,0.9969,0.9885,0.84,0.87,0.88,0.92,1.0
2012-02-08,0.9978,0.9914,0.84,0.87,0.89,0.93,1.01
2012-02-09,0.9974,0.9959,0.85,0.87,0.89,0.95,1.02
2012-02-10,0.9993,1.001,0.85,0.87,0.89,0.94,1.01
2012-02-13,0.9994,1.0067,0.85,0.88,0.9,0.95,1.02
2012-02-14,0.999,0.9967,0.85,0.89,0.93,0.97,1.02
2012-02-15,1.0011,1.0011,0.84,0.88,0.94,0.98,1.02
2012-02-16,1.0025,1.01,0.87,0.9,0.93,0.97,1.02
2012-02-17,1.0078,1.0245,0.87,0.91,0.93,0.98,1.02
2012-02-21,0.9993,1.0022,0.88,0.9,0.94,0.98,1.03
2012-02-22,0.9974,0.9991,0.88,0.9,0.94,0.99,1.04
2012-02-23,0.9998,0.9967,0.88,0.91,0.94,0.98,1.02
2012-02-24,0.996,0.9924,0.87,0.92,0.94,0.98,1.02
2012-02-27,0.9982,0.99,0.87,0.91,0.94,0.98,1.02
2012-02-28,0.9997,0.9973,0.86,0.92,0.94,0.99,1.04
2012-02-29,0.9991,0.9908,0.88,0.91,0.93,0.98,1.05
2012-03-01,0.9998,1.0,0.89,0.91,0.94,0.98,1.05
2012-03-02,1.0004,1.0112,0.87,0.89,0.92,0.97,1.05
2012-03-05,1.0014,0.9952,0.85,0.89,0.92,0.97,1.04
2012-03-06,0.9985,0.9997,0.87,0.88,0.91,0.97,1.04
2012-03-07,0.999,0.9895,0.85,0.88,0.91,0.97,1.05
2012-03-08,1.002,1.0221,0.84,0.88,0.91,0.98,1.06
2012-03-09,0.999,1.007,0.85,0.88,0.91,0.98,1.07
2012-03-12,0.9998,1.0036,0.85,0.88,0.9,0.97,1.07
2012-03-13,0.9994,1.0005,0.83,0.87,0.92,1.0,1.08
2012-03-14,1.0022,1.0097,0.82,0.88,0.93,1.0,1.1
2012-03-15,1.0018,1.0069,0.87,0.9,0.91,1.01,1.12
2012-03-16,0.9965,0.9974,0.87,0.9,0.91,1.01,1.12
2012-03-19,0.9965,0.9961,0.85,0.89,0.9,1.02,1.12
2012-03-20,0.9979,0.9999,0.87,0.89,0.9,1.01,1.12
2012-03-21,0.9989,0.9981,0.88,0.9,0.9,1.01,1.11
2012-03-22,1.0,1.0,0.88,0.89,0.9,1.01,1.1
2012-03-23,0.9969,0.9966,0.88,0.89,0.9,1.01,1.09
2012-03-26,0.9979,1.0,0.9,0.91,0.92,1.01,1.1
2012-03-27,0.9982,0.9977,0.88,0.9,0.91,1.0,1.09
2012-03-28,0.999,0.9999,0.89,0.9,0.92,0.99,1.08
2012-03-29,1.0002,1.0267,0.9,0.91,0.92,0.98,1.07
2012-03-30,1.0079,1.033,0.91,0.92,0.91,0.98,1.08
2012-04-02,1.006,1.0336,0.92,0.92,0.93,0.99,1.08
2012-04-03,1.0096,1.0351,0.92,0.92,0.94,0.99,1.09
2012-04-04,1.0065,1.0171,0.93,0.91,0.94,0.99,1.09
2012-04-05,0.9996,1.0018,0.92,0.92,0.93,1.0,1.1
2012-04-09,1.0019,1.0169,0.92,0.92,0.93,0.99,1.08
2012-04-10,1.0034,1.0152,0.93,0.93,0.95,1.02,1.09
2012-04-11,1.0029,1.0043,0.92,0.93,0.95,1.02,1.1
2012-04-12,1.0029,1.0119,0.93,0.94,0.95,1.02,1.1
2012-04-13,1.0042,1.0508,0.93,0.93,0.96,1.01,1.09
2012-04-16,1.015,1.0405,0.93,0.93,0.95,1.01,1.09
2012-04-17,1.0068,1.0326,0.94,0.95,0.98,1.05,1.16
2012-04-18,1.0133,1.0258,0.97,0.98,0.98,1.06,1.19
2012-04-19,1.007,1.0257,0.97,0.98,0.98,1.07,1.19
2012-04-20,1.0133,1.0365,0.98,1.0,1.0,1.07,1.19
2012-04-23,1.0043,1.025,0.98,1.0,1.0,1.08,1.21
2012-04-24,1.0017,0.9912,0.99,1.01,1.05,1.12,1.28
2012-04-25,1.0023,0.9945,0.98,1.02,1.06,1.15,1.32
2012-04-26,1.0035,1.0115,0.98,1.0,1.06,1.14,1.3
2012-04-27,1.0074,1.0127,0.99,1.03,1.06,1.16,1.32
2012-04-30,1.0086,1.0597,0.97,1.03,1.05,1.13,1.27
2012-05-01,1.0028,1.0179,0.96,1.02,1.05,1.13,1.27
2012-05-02,1.005,1.0152,0.96,1.01,1.03,1.12,1.24
2012-05-03,1.0024,1.0062,0.92,1.0,1.02,1.12,1.24
2012-05-04,1.0001,1.0001,0.93,0.98,1.01,1.08,1.19
2012-05-07,1.0016,1.0146,0.93,0.98,1.01,1.08,1.2
2012-05-08,1.0013,1.0026,0.91,0.96,1.02,1.07,1.19
2012-05-09,1.0015,0.998,0.86,0.92,0.99,1.06,1.17
2012-05-10,1.0018,0.9938,0.91,0.94,1.0,1.07,1.18
2012-05-11,0.9994,0.998,0.91,0.97,1.01,1.1,1.23
2012-05-14,1.0002,0.9978,0.91,0.97,1.01,1.1,1.2
2012-05-15,0.9988,1.0006,0.89,0.97,1.0,1.1,1.23
2012-05-16,0.9996,1.0002,0.89,0.97,1.0,1.1,1.21
2012-05-17,0.9997,0.9987,0.88,0.96,0.99,1.07,1.17
2012-05-18,1.0002,0.9998,0.89,0.94,0.98,1.06,1.15
2012-05-22,1.0025,1.0093,0.88,0.95,1.0,1.06,1.15
2012-05-23,1.0005,1.004,0.89,0.93,0.98,1.03,1.08
2012-05-24,1.0005,1.0067,0.88,0.93,0.97,1.02,1.06
2012-05-25,0.9996,1.0105,0.88,0.93,0.94,0.99,1.02
2012-05-28,1.0013,1.0126,0.91,0.94,0.94,1.0,1.03
2012-05-29,0.9991,1.0258,0.91,0.94,0.95,1.01,1.05
2012-05-30,1.0,1.0115,0.9,0.93,0.94,1.0,1.02
2012-05-31,1.0001,1.0062,0.91,0.93,0.93,0.99,1.03
2012-06-01,1.0008,1.037,0.89,0.87,0.88,0.87,0.87
2012-06-04,1.0047,1.0126,0.87,0.9,0.89,0.91,0.93
2012-06-05,1.0067,1.0266,0.87,0.88,0.89,0.96,1.0
2012-06-06,1.0038,1.023,0.89,0.88,0.88,0.97,1.01
2012-06-07,1.0034,1.0096,0.89,0.89,0.89,0.97,1.02
2012-06-08,1.0012,1.0088,0.88,0.88,0.88,0.97,1.0
2012-06-11,1.0015,0.9994,0.88,0.88,0.88,0.96,1.0
2012-06-12,1.0003,1.001,0.87,0.88,0.88,0.95,0.99
2012-06-13,1.0013,1.0059,0.89,0.88,0.89,0.95,1.0
2012-06-14,1.0005,1.0036,0.89,0.89,0.88,0.95,0.99
2012-06-15,1.0023,1.028,0.87,0.88,0.88,0.92,0.93
2012-06-18,1.0012,1.0073,0.87,0.88,0.88,0.92,0.93
2012-06-19,1.0001,0.9982,0.87,0.88,0.89,0.95,0.98
2012-06-20,1.0005,1.0014,0.87,0.87,0.9,0.96,1.02
2012-06-21,1.0008,1.0015,0.87,0.87,0.88,0.93,1.0
2012-06-22,0.9979,0.9896,0.86,0.86,0.87,0.94,0.99
2012-06-25,0.9976,0.9972,0.86,0.86,0.87,0.93,0.96
2012-06-26,0.9975,0.9981,0.86,0.86,0.87,0.94,0.96
2012-06-27,0.999,0.9955,0.88,0.85,0.86,0.93,0.96
2012-06-28,0.9976,0.9892,0.88,0.84,0.86,0.93,0.92
2012-06-29,0.9982,0.9945,0.86,0.86,0.87,0.96,0.97
2012-07-03,1.0004,1.0058,0.88,0.85,0.87,0.96,0.99
2012-07-04,1.0013,1.0045,0.88,0.85,0.87,0.94,0.99
2012-07-05,1.0052,1.0068,0.84,0.85,0.86,0.95,0.98
2012-07-06,1.0014,1.0043,0.85,0.84,0.85,0.93,0.94
2012-07-09,1.0005,0.9985,0.84,0.85,0.87,0.92,0.94
2012-07-10,0.9977,0.9628,0.85,0.85,0.85,0.93,0.93
2012-07-11,0.9982,0.993,0.85,0.84,0.86,0.92,0.94
2012-07-12,0.9989,1.0012,0.87,0.87,0.87,0.92,0.93
2012-07-13,0.9994,0.9979,0.88,0.85,0.87,0.93,0.95
2012-07-16,1.0009,1.006,0.88,0.87,0.86,0.93,0.93
2012-07-17,1.0008,1.0089,0.88,0.87,0.9,0.94,0.96
2012-07-18,0.9996,1.0,0.89,0.88,0.9,0.94,0.96
2012-07-19,0.9988,0.9952,0.92,0.89,0.91,0.93,0.97
2012-07-20,0.9973,0.9969,0.9,0.9,0.91,0.94,0.97
2012-07-23,0.9968,0.983,0.9,0.9,0.91,0.94,0.95
2012-07-24,0.9969,0.9975,0.9,0.9,0.91,0.94,0.96
2012-07-25,0.9974,0.9991,0.91,0.91,0.92,0.94,0.97
2012-07-26,0.9979,0.9978,0.92,0.92,0.93,0.95,1.0
2012-07-27,0.9966,0.9967,0.92,0.92,0.94,0.97,1.04
2012-07-30,0.9978,0.9969,0.93,0.95,0.96,0.98,1.06
2012-07-31,0.9966,0.9879,0.94,0.95,0.98,0.99,1.06
2012-08-01,0.9989,1.0067,0.93,0.95,0.98,0.99,1.07
2012-08-02,1.0014,1.0095,0.91,0.95,0.97,0.99,1.05
2012-08-03,1.0002,1.0166,0.92,0.96,0.98,1.0,1.08
2012-08-07,1.0007,1.0156,0.92,0.95,0.98,1.01,1.11
2012-08-08,1.0066,1.0166,0.91,0.96,0.98,1.02,1.11
2012-08-09,1.0052,1.014,0.91,0.96,0.97,1.02,1.13
2012-08-10,1.0035,1.0239,0.9,0.95,0.97,1.01,1.11
2012-08-13,1.0026,1.0146,0.91,0.95,0.97,1.01,1.12
2012-08-14,1.0021,1.0049,0.92,0.96,1.0,1.04,1.14
2012-08-15,1.0069,1.0176,0.95,0.97,1.02,1.05,1.17
2012-08-16,1.0078,1.0267,0.96,0.99,1.01,1.05,1.17
2012-08-17,1.0015,1.0094,0.95,0.98,1.0,1.05,1.15
2012-08-20,1.0002,1.0054,0.95,0.98,1.0,1.04,1.15
2012-08-21,1.0004,1.0069,0.95,0.98,1.01,1.04,1.15
2012-08-22,1.0004,1.0145,0.96,0.98,1.0,1.03,1.12
2012-08-23,1.0,1.0043,0.96,0.98,1.0,1.03,1.12
2012-08-24,0.9979,1.0235,0.95,0.98,1.01,1.03,1.12
2012-08-27,0.9998,1.0135,0.96,0.97,1.0,1.04,1.13
2012-08-28,0.9987,1.0042,0.98,0.99,1.04,1.07,1.14
2012-08-29,1.0007,1.009,0.97,0.98,1.03,1.06,1.14
2012-08-30,1.0029,1.0347,0.97,0.99,1.02,1.04,1.12
2012-08-31,1.0078,1.0234,0.97,0.99,1.03,1.03,1.14
2012-09-04,1.0109,1.0199,0.98,0.99,1.03,1.06,1.14
2012-09-05,1.0113,1.0217,0.98,0.99,1.02,1.05,1.12
2012-09-06,1.0045,1.0135,0.97,0.98,1.01,1.05,1.13
2012-09-07,1.0073,1.018,0.97,0.99,1.0,1.07,1.14
2012-09-10,1.0032,1.0085,0.96,0.99,1.01,1.06,1.15
2012-09-11,1.0,0.9998,0.97,0.99,1.03,1.06,1.17
2012-09-12,1.0008,0.9905,0.97,0.99,1.03,1.07,1.16
2012-09-13,1.0004,0.9952,0.95,0.97,1.01,1.02,1.17
2012-09-14,0.9993,1.0027,0.97,0.98,1.0,1.05,1.17
2012-09-17,0.9956,0.9585,0.97,0.97,1.0,1.04,1.16
2012-09-18,0.9918,0.9891,0.96,0.97,0.99,1.0,1.14
2012-09-19,0.9971,0.9895,0.97,0.97,0.99,1.03,1.14
2012-09-20,0.9993,0.9994,0.96,0.97,0.99,1.03,1.13
2012-09-21,0.9985,1.0024,0.98,0.99,1.0,1.01,1.13
2012-09-24,0.9987,0.9962,0.96,0.99,0.99,1.02,1.11
2012-09-25,0.9987,0.9983,0.97,0.97,1.0,1.03,1.1
2012-09-26,1.0013,1.01,0.96,0.97,0.99,1.02,1.09
2012-09-27,0.9981,0.997,0.94,0.95,0.98,1.02,1.09
2012-09-28,0.9962,0.9977,0.93,0.95,0.97,1.0,1.07
2012-10-01,0.9989,1.0087,0.93,0.95,0.97,1.01,1.07
2012-10-02,1.0011,1.0075,0.92,0.93,0.96,1.0,1.05
2012-10-03,1.0018,0.9983,0.91,0.92,0.96,0.99,1.06
2012-10-04,0.9976,0.9945,0.91,0.92,0.97,1.01,1.08
2012-10-05,0.9989,1.0081,0.91,0.93,0.96,1.02,1.12
2012-10-09,1.0003,1.0093,0.93,0.94,0.98,1.03,1.13
2012-10-10,1.0008,1.0163,0.93,0.94,0.98,1.03,1.12
2012-10-11,1.0001,1.0097,0.92,0.94,0.98,1.03,1.12
2012-10-12,0.9992,1.009,0.93,0.95,0.98,1.03,1.12
2012-10-15,1.0051,1.0167,0.92,0.95,0.97,1.02,1.1
2012-10-16,1.003,1.015,0.92,0.94,0.97,1.01,1.06
2012-10-17,1.0015,1.012,0.93,0.95,0.96,1.0,1.07
2012-10-18,1.001,1.0098,0.93,0.94,0.97,1.01,1.08
2012-10-19,0.9998,1.0096,0.93,0.94,0.96,1.01,1.06
2012-10-22,0.9991,1.0109,0.93,0.95,0.97,1.01,1.05
2012-10-23,0.9994,1.0032,0.93,0.95,1.0,1.04,1.1
2012-10-24,1.0052,1.0169,0.93,0.95,0.99,1.03,1.09
2012-10-25,1.0013,1.0168,0.92,0.96,1.0,1.03,1.1
2012-10-26,1.002,1.0337,0.92,0.96,1.0,1.03,1.09
2012-10-29,1.0113,1.0644,0.92,0.96,0.99,1.02,1.07
2012-10-30,0.9956,0.9528,0.91,0.97,0.99,1.03,1.07
2012-10-31,1.0024,1.0153,0.92,0.97,0.99,1.02,1.06
2012-11-01,1.005,1.0269,0.92,0.96,0.99,1.03,1.06
2012-11-02,1.001,1.0058,0.93,0.96,0.99,1.02,1.06
2012-11-05,0.9993,1.0072,0.92,0.96,0.98,1.02,1.06
2012-11-06,0.9999,1.0051,0.92,0.96,0.99,1.03,1.08
2012-11-07,0.9992,0.9877,0.9,0.95,0.98,1.02,1.06
2012-11-08,1.0006,1.0081,0.91,0.94,0.98,1.01,1.06
2012-11-09,0.9996,1.0121,0.92,0.95,0.98,1.02,1.06
2012-11-13,1.0002,1.046,0.91,0.95,0.97,1.01,1.06
2012-11-14,0.9996,1.0171,0.91,0.95,0.98,1.01,1.06
2012-11-15,1.0017,0.9962,0.91,0.95,0.97,1.01,1.06
2012-11-16,0.9998,1.0062,0.91,0.94,0.97,1.01,1.05
2012-11-19,1.0008,1.0092,0.91,0.93,0.97,1.01,1.05
2012-11-20,1.002,1.0136,0.92,0.94,0.97,1.02,1.06
2012-11-21,1.0,0.9925,0.92,0.94,0.97,1.02,1.07
2012-11-22,0.9991,1.0068,0.91,0.93,0.96,1.02,1.08
2012-11-23,0.9977,0.9981,0.93,0.93,0.96,1.02,1.08
2012-11-26,0.9981,1.0017,0.93,0.93,0.96,1.02,1.08
2012-11-27,0.9978,1.0,0.93,0.94,0.96,1.02,1.08
2012-11-28,1.0012,1.0089,0.93,0.94,0.95,1.02,1.08
2012-11-29,0.999,1.0062,0.94,0.93,0.95,1.02,1.08
2012-11-30,0.9997,1.0066,0.93,0.93,0.96,1.02,1.07
2012-12-03,1.0049,1.1084,0.93,0.93,0.95,1.02,1.07
2012-12-04,1.0076,1.0293,0.92,0.92,0.96,1.02,1.06
2012-12-05,1.0009,1.0046,0.91,0.91,0.95,1.02,1.05
2012-12-06,1.0013,1.001,0.91,0.92,0.95,1.01,1.03
2012-12-07,1.0034,1.0176,0.92,0.93,0.96,1.02,1.06
2012-12-10,1.0034,1.0205,0.91,0.91,0.95,1.0,1.05
2012-12-11,1.0021,1.0127,0.91,0.92,0.95,1.01,1.04
2012-12-12,0.9996,0.9893,0.91,0.93,0.96,1.02,1.06
2012-12-13,1.0,1.0013,0.92,0.93,0.95,1.01,1.07
2012-12-14,0.9996,1.0051,0.92,0.93,0.96,1.02,1.08
2012-12-17,1.0025,0.9974,0.92,0.94,0.96,1.03,1.1
2012-12-18,1.0005,0.9985,0.91,0.93,0.97,1.03,1.1
2012-12-19,1.0011,1.0049,0.9,0.92,0.95,1.02,1.1
2012-12-20,1.0023,1.0037,0.88,0.91,0.93,1.02,1.1
2012-12-21,1.0002,1.0059,0.88,0.88,0.92,1.01,1.1
2012-12-24,0.9948,0.9791,0.9,0.91,0.92,1.01,1.1
2012-12-27,0.9956,0.989,0.91,0.91,0.92,1.02,1.1
2012-12-28,0.9955,0.9767,0.9,0.91,0.92,0.99,1.1
2012-12-31,0.9916,0.9861,0.91,0.91,0.92,1.0,1.09
2013-01-02,0.9977,0.9997,0.91,0.92,0.92,1.01,1.11
2013-01-03,0.9988,1.0071,0.9,0.87,0.92,1.01,1.13
2013-01-04,0.9993,1.0024,0.9,0.9,0.92,1.01,1.12
2013-01-07,0.9991,0.9995,0.9,0.9,0.91,1.0,1.12
2013-01-08,0.9991,1.0,0.89,0.89,0.91,0.99,1.09
2013-01-09,0.9991,0.9992,0.89,0.9,0.91,0.99,1.1
2013-01-10,0.9994,0.998,0.9,0.89,0.91,0.99,1.1
2013-01-11,0.9982,0.9874,0.89,0.9,0.92,0.99,1.1
2013-01-14,1.0006,1.0321,0.88,0.9,0.92,1.0,1.1
2013-01-15,0.9998,1.0402,0.88,0.89,0.91,0.99,1.1
2013-01-16,1.0011,1.0133,0.88,0.89,0.92,0.99,1.09
2013-01-17,1.0054,1.0112,0.86,0.89,0.92,0.99,1.11
2013-01-18,1.0039,1.0179,0.89,0.9,0.9,1.0,1.11
2013-01-21,1.005,1.0093,0.89,0.89,0.91,1.0,1.12
2013-01-22,1.0007,1.0127,0.89,0.9,0.92,1.0,1.1
2013-01-23,1.0059,1.0201,0.9,0.9,0.92,0.99,1.07
2013-01-24,1.0054,1.0196,0.91,0.9,0.92,0.99,1.06
2013-01-25,1.0044,1.0307,0.9,0.9,0.92,0.99,1.07
2013-01-28,1.0043,1.0203,0.9,0.91,0.92,1.0,1.08
2013-01-29,1.0057,1.0334,0.88,0.91,0.92,1.0,1.08
2013-01-30,1.0049,1.0316,0.92,0.91,0.93,0.99,1.08
2013-01-31,1.0039,1.023,0.91,0.91,0.93,0.99,1.06
2013-02-01,1.0011,1.019,0.91,0.92,0.93,1.0,1.08
2013-02-04,1.0043,1.0219,0.93,0.92,0.94,1.0,1.07
2013-02-05,1.0058,1.0156,0.93,0.93,0.94,1.0,1.07
2013-02-06,1.0031,1.0158,0.93,0.93,0.94,1.0,1.06
2013-02-07,1.002,1.0081,0.92,0.92,0.94,0.99,1.05
2013-02-08,1.0002,1.0006,0.93,0.93,0.94,0.99,1.04
2013-02-11,1.0053,1.0292,0.93,0.93,0.94,0.99,1.05
2013-02-12,1.0017,1.0128,0.91,0.92,0.94,1.0,1.05
2013-02-13,1.007,1.0148,0.91,0.92,0.94,1.0,1.07
2013-02-14,1.003,0.9984,0.91,0.92,0.94,1.0,1.06
2013-02-15,1.0031,1.0174,0.92,0.93,0.95,1.0,1.07
2013-02-19,1.0067,1.0221,0.92,0.93,0.95,0.97,1.06
2013-02-20,1.0045,1.0149,0.92,0.93,0.95,1.01,1.06
2013-02-21,1.0069,1.0155,0.92,0.94,0.95,1.0,1.06
2013-02-22,1.0093,1.0309,0.93,0.94,0.96,1.0,1.04
2013-02-25,1.0027,1.0186,0.93,0.94,0.96,0.99,1.03
2013-02-26,1.0048,1.0106,0.93,0.94,0.96,0.99,1.01
2013-02-27,1.0078,1.0181,0.91,0.93,0.96,0.99,1.01
2013-02-28,1.0077,1.0183,0.91,0.95,0.95,0.99,1.0
2013-03-01,1.0058,1.0244,0.93,0.95,0.96,0.99,0.99
2013-03-04,1.0083,1.0274,0.93,0.95,0.96,0.99,0.99
2013-03-05,1.0041,1.0185,0.93,0.95,0.96,0.99,1.0
2013-03-06,1.0053,1.007,0.93,0.95,0.95,0.99,1.0
2013-03-07,1.0063,1.0089,0.94,0.95,0.95,1.0,1.01
2013-03-08,1.0081,1.004,0.93,0.96,0.96,1.01,1.03
2013-03-11,1.0062,1.0079,0.93,0.96,0.96,1.02,1.03
2013-03-12,1.0056,1.0095,0.93,0.96,0.96,1.0,1.02
2013-03-13,1.005,1.0077,0.93,0.95,0.96,1.01,1.03
2013-03-14,1.0041,1.0132,0.93,0.96,0.96,1.01,1.04
2013-03-15,1.0039,1.0107,0.94,0.96,0.97,1.01,1.04
2013-03-18,1.0041,1.0124,0.94,0.96,0.96,1.0,1.02
2013-03-19,1.0059,1.0242,0.94,0.96,0.97,1.0,1.02
2013-03-20,1.0076,1.0238,0.97,0.97,0.97,1.0,1.02
2013-03-21,1.0052,1.0242,0.98,0.97,0.97,1.0,1.02
2013-03-22,1.0073,1.023,0.98,0.98,0.98,1.0,1.03
2013-03-25,1.0095,1.0319,0.97,0.98,0.98,1.01,1.03
2013-03-26,1.0039,1.0221,0.96,0.97,0.97,1.01,1.03
2013-03-27,1.0051,1.0178,0.95,0.97,0.97,1.01,1.03
2013-03-28,1.0017,1.0372,0.95,0.96,0.98,1.0,1.03
2013-04-01,1.0068,1.0188,0.95,0.96,0.98,1.0,1.03
2013-04-02,1.0055,1.0348,0.95,0.96,0.98,1.0,1.04
2013-04-03,1.0055,1.0211,0.95,0.96,0.98,1.0,1.04
2013-04-04,1.0052,1.0156,0.95,0.96,0.98,1.0,1.04
2013-04-05,1.0054,1.0145,0.95,0.96,0.97,1.0,1.03
2013-04-08,1.0056,1.0164,0.95,0.96,0.98,1.0,1.04
2013-04-09,1.0073,1.0161,0.95,0.96,0.97,1.0,1.04
2013-04-10,1.0061,1.0152,0.95,0.96,0.98,1.0,1.03
2013-04-11,1.0074,1.0139,0.95,0.95,0.98,1.01,1.03
2013-04-12,1.0042,1.0254,0.95,0.97,0.97,0.99,1.02
2013-04-15,1.001,1.02,0.95,0.96,0.98,0.99,1.01
2013-04-16,1.0052,1.016,0.95,0.97,0.98,1.0,1.02
2013-04-17,1.0028,1.0202,0.96,0.97,0.98,0.99,1.01
2013-04-18,1.0038,1.025,0.96,0.98,0.98,1.0,1.01
2013-04-19,1.0037,1.0215,0.95,0.98,0.98,1.01,1.01
2013-04-22,1.0021,1.0076,0.96,0.98,0.99,1.0,1.02
2013-04-23,1.0032,1.0126,0.96,0.98,0.99,1.01,1.02
2013-04-24,1.0052,1.014,0.97,0.98,0.99,1.01,1.02
2013-04-25,1.0024,1.0138,0.96,0.97,1.0,1.01,1.02
2013-04-26,1.0002,1.0077,0.97,0.98,0.99,1.01,1.02
2013-04-29,1.001,1.0103,0.97,0.98,0.99,1.01,1.02
2013-04-30,1.0081,1.0114,0.97,0.98,0.99,1.01,1.02
2013-05-01,1.0049,1.0134,0.97,0.98,0.99,1.01,1.02
2013-05-02,1.0053,1.0169,0.97,0.99,0.99,1.01,1.02
2013-05-03,1.0021,1.0165,0.97,0.98,0.99,1.01,1.02
2013-05-06,1.0051,1.012,0.97,0.98,0.99,1.02,1.03
2013-05-07,1.0063,1.0233,0.96,0.98,1.0,1.01,1.04
2013-05-08,1.0045,1.0183,0.96,0.97,0.99,1.01,1.04
2013-05-09,1.0034,1.0185,0.96,0.98,0.99,1.01,1.04
2013-05-10,1.0015,1.0177,0.96,0.98,1.0,1.01,1.05
2013-05-13,1.0045,1.0102,0.96,0.98,1.0,1.02,1.05
2013-05-14,1.003,1.01,0.95,0.98,1.0,1.02,1.06
2013-05-15,1.0042,1.0139,0.94,0.98,1.0,1.02,1.06
2013-05-16,1.0023,1.0126,0.95,0.97,1.0,1.02,1.05
2013-05-17,1.0051,1.0112,0.95,0.97,1.0,1.02,1.04
2013-05-21,1.0032,1.0107,0.95,0.98,1.0,1.03,1.06
2013-05-22,1.0035,1.0163,0.95,0.97,1.0,1.02,1.06
2013-05-23,1.0044,1.0234,0.95,0.97,1.0,1.03,1.06
2013-05-24,1.0086,1.0206,0.97,0.99,1.0,1.02,1.06
